{
  "project_info": {
    "project_number": "870500538514",
    "firebase_url": "https://flutternoti-b16e7.firebaseio.com",
    "project_id": "flutternoti-b16e7",
    "storage_bucket": "flutternoti-b16e7.appspot.com"
  },
  "client": [
    {
      "client_info": {
        "mobilesdk_app_id": "1:870500538514:android:d6d53bc323917a55452e4b",
        "android_client_info": {
          "package_name": "com.example.flutter_app_noti"
        }
      },
      "oauth_client": [
        {
          "client_id": "870500538514-m1lvpua16b57s8h7902q0bajglmjued8.apps.googleusercontent.com",
          "client_type": 3
        }
      ],
      "api_key": [
        {
          "current_key": "AIzaSyCNLTdTJUPDQyBUCFIV8D4ur82JV-DV2Qg"
        }
      ],
      "services": {
        "appinvite_service": {
          "other_platform_oauth_client": [
            {
              "client_id": "870500538514-m1lvpua16b57s8h7902q0bajglmjued8.apps.googleusercontent.com",
              "client_type": 3
            }
          ]
        }
      }
    },
    {
      "client_info": {
        "mobilesdk_app_id": "1:870500538514:android:5052d0880f51c0e4452e4b",
        "android_client_info": {
          "package_name": "com.example.ihust"
        }
      },
      "oauth_client": [
        {
          "client_id": "870500538514-m1lvpua16b57s8h7902q0bajglmjued8.apps.googleusercontent.com",
          "client_type": 3
        }
      ],
      "api_key": [
        {
          "current_key": "AIzaSyCNLTdTJUPDQyBUCFIV8D4ur82JV-DV2Qg"
        }
      ],
      "services": {
        "appinvite_service": {
          "other_platform_oauth_client": [
            {
              "client_id": "870500538514-m1lvpua16b57s8h7902q0bajglmjued8.apps.googleusercontent.com",
              "client_type": 3
            }
          ]
        }
      }
    }
  ],
  "configuration_version": "1"
}